,Classifier,Corr: OUTC,p-v: OUTC,MCC: OUTC,Corr: RT_P,p-v: RT_P,MCC: RT_P,Corr: Dece,p-v: Dece,MCC: Dece
0,Nearest Neighbors_01,0.3677113463480603,4.111621448780211e-07,0.3677113463480603,,,0.0,0.060970208083007765,0.3922917912151317,0.06097020808300776
1,Nearest Neighbors_02,0.43460841079352697,1.2111520178104428e-09,0.43460841079352697,,,0.0,-0.020291031398236414,0.7760530521850262,-0.020291031398236417
2,Nearest Neighbors_03,0.29823122433212135,5.018392518060751e-05,0.2982312243321213,,,0.0,,,0.0
3,Nearest Neighbors_04,0.27041095211970145,0.00025128346585741757,0.27041095211970145,,,0.0,,,0.0
4,Nearest Neighbors_05,0.31592509064679924,1.647129517233606e-05,0.31592509064679924,,,0.0,0.04880605198984096,0.49361849911965594,0.048806051989840955
5,Nearest Neighbors_06,0.3491633560807302,1.6645170511908535e-06,0.3491633560807302,,,0.0,0.04880605198984096,0.49361849911965594,0.048806051989840955
6,Nearest Neighbors_07,0.2891764224625399,8.636124051167886e-05,0.2891764224625399,,,0.0,-0.028768591716392993,0.6866849913432431,-0.028768591716392993
7,Nearest Neighbors_08,0.24624343914246996,0.0008913589505858591,0.24624343914247,,,0.0,-0.020291031398236414,0.7760530521850262,-0.020291031398236417
8,SVM_01,0.21876534693773936,0.0032599691600977716,0.2187653469377394,,,0.0,,,0.0
9,SVM_02,0.3219656882223965,1.1075607265096119e-05,0.3219656882223966,,,0.0,-0.028768591716392993,0.6866849913432431,-0.028768591716392993
10,SVM_03,0.2900319627961687,8.210708270572564e-05,0.2900319627961687,-0.03085542291765591,0.6834988605527957,-0.03085542291765591,0.14474599031500415,0.04137175174080969,0.14474599031500415
11,SVM_04,0.3077383230936353,2.782608252061166e-05,0.3077383230936353,0.03712504139773937,0.623719127013022,0.03712504139773936,0.14474599031500415,0.04137175174080969,0.14474599031500415
12,SVM_05,0.3387999034821006,3.5006739779479922e-06,0.3387999034821006,0.03712504139773937,0.623719127013022,0.03712504139773936,0.14474599031500415,0.04137175174080969,0.14474599031500415
13,SVM_06,-0.05255637244563397,0.48473123633029935,-0.05255637244563398,,,0.0,,,0.0
14,SVM_07,0.356821958738917,9.444596956616862e-07,0.35682195873891703,0.2525690330317211,0.0006949570595536586,0.25256903303172107,-0.04583749285011564,0.5203006819046152,-0.04583749285011563
15,SVM_08,0.4563658126720964,1.3593428270137546e-10,0.4563658126720965,0.1641949290975261,0.02897418689594218,0.1641949290975261,0.10858410041516497,0.1268517803243689,0.10858410041516497
16,SVM_09,0.35253568321135614,1.2993178450216714e-06,0.35253568321135614,0.1641949290975261,0.02897418689594218,0.1641949290975261,0.002270522031882927,0.9746092808014137,0.0022705220318829265
17,SVM_10,0.21624293785310736,0.003645121557771925,0.21624293785310733,0.1641949290975261,0.02897418689594218,0.1641949290975261,0.058749757574970723,0.40979261852800763,0.058749757574970723
18,SVM_11,,,0.0,,,0.0,,,0.0
19,SVM_12,0.2058228021015503,0.005708226861969484,0.2058228021015503,,,0.0,,,0.0
20,SVM_13,0.3366550691148306,4.0694485237986355e-06,0.33665506911483056,-0.021693045781865615,0.7744216052623246,-0.021693045781865615,0.12558221502213032,0.07716149250133798,0.12558221502213032
21,SVM_14,0.23889021201044325,0.001279671337425907,0.23889021201044325,-0.04696682183138621,0.5347520038711482,-0.04696682183138621,0.07858023958690684,0.2699254119601362,0.07858023958690684
22,SVM_15,0.12271045209719975,0.10174697350842371,0.12271045209719973,-0.049655381596068866,0.5116013353706024,-0.04965538159606887,0.09752728015972713,0.17056403600930822,0.09752728015972714
23,SVM_16,,,0.0,,,0.0,,,0.0
24,SVM_17,,,0.0,,,0.0,,,0.0
25,SVM_18,0.20808346892614135,0.005187962548353337,0.20808346892614135,,,0.0,-0.028768591716392993,0.6866849913432431,-0.028768591716392993
26,SVM_19,0.2581048860069086,0.00048608310337786486,0.2581048860069086,,,0.0,-0.028768591716392993,0.6866849913432431,-0.028768591716392993
27,SVM_20,0.2722721413746992,0.0002267899335180111,0.27227214137469924,,,0.0,-0.028768591716392993,0.6866849913432431,-0.028768591716392993
28,SVM_21,0.2899236012928843,8.263483327618335e-05,0.28992360129288425,,,0.0,-0.028768591716392993,0.6866849913432431,-0.028768591716392993
29,SVM_22,,,0.0,,,0.0,,,0.0
30,SVM_23,0.4206776406212627,4.53998590382044e-09,0.4206776406212628,,,0.0,-0.03532395393191717,0.6203734263715174,-0.03532395393191716
31,SVM_24,0.37361733206997544,2.585192917062227e-07,0.37361733206997544,0.2525690330317211,0.0006949570595536586,0.25256903303172107,0.03846899788748414,0.5895742484665637,0.038468997887484126
32,SVM_25,0.36484111398694347,5.13462495750469e-07,0.3648411139869435,0.2525690330317211,0.0006949570595536586,0.25256903303172107,0.014231448606998811,0.8418679820027283,0.014231448606998811
33,SVM_26,0.21235257924427714,0.004319959687107757,0.21235257924427714,0.2525690330317211,0.0006949570595536586,0.25256903303172107,-0.019163433822822495,0.7881950508538365,-0.019163433822822495
34,SVM_27,,,0.0,,,0.0,,,0.0
35,SVM_28,0.35731244674043805,9.103349274909444e-07,0.35731244674043805,,,0.0,,,0.0
36,SVM_29,0.41358372086070266,8.697722736869065e-09,0.41358372086070266,0.1641949290975261,0.02897418689594218,0.1641949290975261,0.1353719166167163,0.05659695500631184,0.1353719166167163
37,SVM_30,0.35732870331136674,9.092243093084358e-07,0.3573287033113667,0.1641949290975261,0.02897418689594218,0.1641949290975261,0.02145411661428663,0.7635856049677878,0.021454116614286627
38,Gaussian Process_01,0.2900319627961687,8.210708270572564e-05,0.2900319627961687,0.1641949290975261,0.02897418689594218,0.1641949290975261,0.0426854523994933,0.5494183109155296,0.04268545239949329
39,Gaussian Process_02,0.32484411992907897,9.139539483174149e-06,0.32484411992907897,,,0.0,,,0.0
40,Gaussian Process_03,0.23999913335227185,0.001212594175982736,0.23999913335227188,,,0.0,,,0.0
41,Gaussian Process_04,0.3334897235955514,5.071542652065602e-06,0.33348972359555146,,,0.0,,,0.0
42,Gaussian Process_05,0.3170989519813009,1.5258902720471083e-05,0.3170989519813009,,,0.0,,,0.0
43,Decision Tree_01,,,0.0,,,0.0,,,0.0
44,Decision Tree_02,0.20576615214794383,0.0057218430273403825,0.2057661521479438,-0.04117647058823529,0.5863267054102443,-0.041176470588235294,0.15561210006865295,0.02818245797935934,0.15561210006865295
45,Decision Tree_03,0.2139127891425289,0.004036877140656857,0.2139127891425289,0.07590179758256241,0.315329290821865,0.07590179758256242,-0.01442260732747155,0.8397723090303084,-0.01442260732747155
46,Decision Tree_04,0.17285924416432016,0.02067082589369833,0.17285924416432016,0.07590179758256241,0.315329290821865,0.07590179758256242,-0.01442260732747155,0.8397723090303084,-0.01442260732747155
47,Decision Tree_05,0.17285924416432016,0.02067082589369833,0.17285924416432016,0.07590179758256241,0.315329290821865,0.07590179758256242,-0.01442260732747155,0.8397723090303084,-0.01442260732747155
48,Decision Tree_06,0.17122332828890932,0.02192216744240907,0.17122332828890932,0.10756302521008401,0.15414806932797387,0.10756302521008404,0.04880605198984096,0.49361849911965594,0.048806051989840955
49,Decision Tree_07,0.11230797134836208,0.13444765240228107,0.11230797134836208,0.06783848378319775,0.36962726405159196,0.06783848378319775,0.06268115942028986,0.3791185806912688,0.06268115942028986
50,Decision Tree_08,0.12073123150337144,0.10743022921112719,0.12073123150337146,0.06783848378319775,0.36962726405159196,0.06783848378319775,0.06268115942028986,0.3791185806912688,0.06268115942028986
51,Random Forest_01,0.12073123150337144,0.10743022921112719,0.12073123150337146,0.06783848378319775,0.36962726405159196,0.06783848378319775,0.06268115942028986,0.3791185806912688,0.06268115942028986
52,Random_Forest_02,0.32087061732711714,1.190939401262787e-05,0.3208706173271172,,,0.0,0.19740680254116466,0.005193535079543988,0.19740680254116466
53,Random_Forest_03,0.356821958738917,9.444596956616862e-07,0.35682195873891703,,,0.0,0.1722827898125357,0.014963565881761056,0.1722827898125357
54,Random_Forest_04,0.38140744431361706,1.3819622379803113e-07,0.38140744431361706,,,0.0,0.09473554499602063,0.18319365925872497,0.09473554499602065
55,Random_Forest_05,0.4072403022918599,1.5359917887629314e-08,0.40724030229186,,,0.0,0.0757846548455245,0.2873875618478074,0.0757846548455245
56,Random_Forest_06,0.38941863591585973,7.133472673390714e-08,0.38941863591585973,,,0.0,-0.020291031398236414,0.7760530521850262,-0.020291031398236417
57,Random_Forest_07,0.35731244674043805,9.103349274909444e-07,0.35731244674043805,,,0.0,-0.03532395393191717,0.6203734263715174,-0.03532395393191716
58,Random_Forest_08,0.3625523626041218,6.120490163534526e-07,0.3625523626041219,,,0.0,-0.028768591716392993,0.6866849913432431,-0.028768591716392993
59,Random Forest_09,0.3625523626041218,6.120490163534526e-07,0.3625523626041219,,,0.0,,,0.0
60,Random_Forest_10,0.4124588320962917,9.628954400419816e-09,0.4124588320962917,,,0.0,0.1722827898125357,0.014963565881761056,0.1722827898125357
61,Random Forest_11,0.3725521539095943,2.812775456006384e-07,0.3725521539095943,,,0.0,0.1722827898125357,0.014963565881761056,0.1722827898125357
62,Random_Forest_12,0.3918496166352739,5.816053563306671e-08,0.3918496166352739,,,0.0,0.09473554499602063,0.18319365925872497,0.09473554499602065
63,Random_Forest_13,0.4001543209418034,2.8593288886632498e-08,0.4001543209418034,,,0.0,0.0757846548455245,0.2873875618478074,0.0757846548455245
64,Random_Forest_14,0.32087061732711714,1.190939401262787e-05,0.3208706173271172,,,0.0,0.19740680254116466,0.005193535079543988,0.19740680254116466
65,Random_Forest_15,0.356821958738917,9.444596956616862e-07,0.35682195873891703,,,0.0,0.1722827898125357,0.014963565881761056,0.1722827898125357
66,Random_Forest_16,0.38140744431361706,1.3819622379803113e-07,0.38140744431361706,,,0.0,0.09473554499602063,0.18319365925872497,0.09473554499602065
67,Random_Forest_17,0.4072403022918599,1.5359917887629314e-08,0.40724030229186,,,0.0,0.0757846548455245,0.2873875618478074,0.0757846548455245
68,Random_Forest_18,0.32087061732711714,1.190939401262787e-05,0.3208706173271172,,,0.0,0.19740680254116466,0.005193535079543988,0.19740680254116466
69,Random Forest_19,0.356821958738917,9.444596956616862e-07,0.35682195873891703,,,0.0,0.1722827898125357,0.014963565881761056,0.1722827898125357
70,Random_Forest_20,0.38140744431361706,1.3819622379803113e-07,0.38140744431361706,,,0.0,0.09473554499602063,0.18319365925872497,0.09473554499602065
71,Neural Net_01,0.4072403022918599,1.5359917887629314e-08,0.40724030229186,,,0.0,0.0757846548455245,0.2873875618478074,0.0757846548455245
72,Neural Net_02,0.38460045468598686,1.0640126770615144e-07,0.38460045468598686,,,0.0,-0.040893041005476534,0.566324316425831,-0.040893041005476534
73,Neural Net_03,0.38460045468598686,1.0640126770615144e-07,0.38460045468598686,,,0.0,-0.040893041005476534,0.566324316425831,-0.040893041005476534
74,Neural Net_04,0.36283285250820796,5.990596592878405e-07,0.36283285250820796,,,0.0,-0.040893041005476534,0.566324316425831,-0.040893041005476534
75,Neural Net_05,0.31082410869028276,2.2877298982229163e-05,0.3108241086902827,,,0.0,-0.028768591716392993,0.6866849913432431,-0.028768591716392993
76,Neural Net_06,0.36283285250820796,5.990596592878405e-07,0.36283285250820796,,,0.0,-0.03532395393191717,0.6203734263715174,-0.03532395393191716
77,Neural Net_07,0.36283285250820796,5.990596592878405e-07,0.36283285250820796,,,0.0,-0.028768591716392993,0.6866849913432431,-0.028768591716392993
78,Neural Net_08,0.35223645579726504,1.3283445986512399e-06,0.3522364557972651,,,0.0,,,0.0
79,Neural Net_09,0.34248494936346124,2.695697939693575e-06,0.34248494936346124,,,0.0,,,0.0
80,Neural Net_10,0.33333628466523785,5.125634754765828e-06,0.3333362846652379,0.37146603207697604,3.5740614684145044e-07,0.37146603207697604,0.21266174801645138,0.00256441285827052,0.21266174801645138
81,Neural Net_11,0.33333628466523785,5.125634754765828e-06,0.3333362846652379,0.37146603207697604,3.5740614684145044e-07,0.37146603207697604,0.15212950247897233,0.03195026412597904,0.15212950247897233
82,Neural Net_12,0.2998984307511153,4.532022805756243e-05,0.29989843075111533,0.37146603207697604,3.5740614684145044e-07,0.37146603207697604,0.12106069205265522,0.08851510197225637,0.12106069205265522
83,Neural Net_13,0.305135104872068,3.276908717047558e-05,0.3051351048720681,,,0.0,0.09473554499602063,0.18319365925872497,0.09473554499602065
84,Neural Net_14,0.3727442648880892,2.770359600791315e-07,0.37274426488808926,,,0.0,0.16206306666901388,0.022200610227192313,0.16206306666901388
85,Neural Net_15,0.3727442648880892,2.770359600791315e-07,0.37274426488808926,,,0.0,0.16206306666901388,0.022200610227192313,0.16206306666901388
86,Neural Net_16,0.4486776005334826,2.996784490101605e-10,0.4486776005334826,,,0.0,0.16206306666901388,0.022200610227192313,0.16206306666901388
87,Neural Net_17,0.39837669800947534,3.3341362661890825e-08,0.39837669800947534,,,0.0,0.2489033184850334,0.0003925377100917425,0.24890331848503336
88,Neural Net_18,0.3779296016398602,1.8314903556940402e-07,0.3779296016398602,0.2525690330317211,0.0006949570595536586,0.25256903303172107,0.07858023958690684,0.2699254119601362,0.07858023958690684
89,Neural Net_19,0.418502824858757,5.550260346704809e-09,0.41850282485875706,0.2525690330317211,0.0006949570595536586,0.25256903303172107,0.08759726089173885,0.21858729858979187,0.08759726089173885
90,Neural Net_20,0.38807321568011494,7.981230592021137e-08,0.3880732156801149,0.2525690330317211,0.0006949570595536586,0.25256903303172107,0.08759726089173885,0.21858729858979187,0.08759726089173885
91,Neural Net_21,0.3782687950159729,1.7821261439634152e-07,0.37826879501597294,,,0.0,0.09473554499602063,0.18319365925872497,0.09473554499602065
92,Neural Net_22,0.33783261133861314,3.747135419140144e-06,0.33783261133861314,,,0.0,,,0.0
93,Neural Net_23,0.3957934762643826,4.161438560706792e-08,0.3957934762643826,0.2525690330317211,0.0006949570595536586,0.25256903303172107,0.15561210006865295,0.02818245797935934,0.15561210006865295
94,Neural Net_24,0.3782687950159729,1.7821261439634152e-07,0.37826879501597294,0.1979319330739661,0.008270200799092428,0.1979319330739661,0.014231448606998811,0.8418679820027283,0.014231448606998811
95,AdaBoost_01,0.3677113463480603,4.111621448780211e-07,0.3677113463480603,,,0.0,0.060970208083007765,0.3922917912151317,0.06097020808300776
96,AdaBoost_02,0.042166499381083765,0.575175016546521,0.042166499381083765,,,0.0,,,0.0
97,AdaBoost_03,0.17822808285714378,0.016988014312707824,0.1782280828571438,,,0.0,,,0.0
98,AdaBoost_04,0.30722589114698007,2.873978764520651e-05,0.30722589114698,,,0.0,,,0.0
99,AdaBoost_05,0.3242078320603446,9.5376867719243e-06,0.32420783206034465,,,0.0,-0.020291031398236414,0.7760530521850262,-0.020291031398236417
100,AdaBoost_06,0.3725521539095943,2.812775456006384e-07,0.3725521539095943,-0.021693045781865615,0.7744216052623246,-0.021693045781865615,-0.028768591716392993,0.6866849913432431,-0.028768591716392993
101,AdaBoost_07,0.3267259265554379,8.052137738579106e-06,0.326725926555438,-0.03085542291765591,0.6834988605527957,-0.03085542291765591,0.2554529529681037,0.000271042188789398,0.2554529529681037
102,AdaBoost_08,0.17822808285714378,0.016988014312707824,0.1782280828571438,,,0.0,,,0.0
103,AdaBoost_09,0.30722589114698007,2.873978764520651e-05,0.30722589114698,,,0.0,,,0.0
104,AdaBoost_10,0.33783261133861314,3.747135419140144e-06,0.33783261133861314,,,0.0,,,0.0
105,AdaBoost_11,0.3607316909807005,7.031409996129586e-07,0.3607316909807005,-0.01529566014434607,0.839865489852859,-0.015295660144346072,,,0.0
106,AdaBoost_12,0.3104772857214532,2.338895733503926e-05,0.3104772857214532,-0.03459754939409159,0.6475516514486129,-0.03459754939409159,0.1722827898125357,0.014963565881761056,0.1722827898125357
107,AdaBoost_13,0.40332352006836436,2.1694044807389208e-08,0.40332352006836436,-0.03085542291765591,0.6834988605527957,-0.03085542291765591,0.21266174801645138,0.00256441285827052,0.21266174801645138
108,AdaBoost_14,0.30722589114698007,2.873978764520651e-05,0.30722589114698,,,0.0,,,0.0
109,AdaBoost_15,0.3242078320603446,9.5376867719243e-06,0.32420783206034465,,,0.0,,,0.0
110,AdaBoost_16,0.3763610239390638,2.077323256864845e-07,0.37636102393906384,-0.01529566014434607,0.839865489852859,-0.015295660144346072,,,0.0
111,AdaBoost_17,0.3366550691148306,4.0694485237986355e-06,0.33665506911483056,-0.026644683298418508,0.7248117310600161,-0.02664468329841851,0.19740680254116466,0.005193535079543988,0.19740680254116466
112,AdaBoost_18,0.3471118317667031,1.9325110802420004e-06,0.3471118317667032,-0.03085542291765591,0.6834988605527957,-0.03085542291765591,0.23227483534594848,0.0009624956695322326,0.23227483534594848
113,Naive Bayes_01,0.38326642158599455,1.1872293476627126e-07,0.3832664215859946,-0.03459754939409159,0.6475516514486129,-0.03459754939409159,0.21917609902995458,0.0018690490795098302,0.2191760990299546
114,Naive Bayes_02,0.24823213805822378,0.0008068042331345239,0.24823213805822378,-0.10694956430177868,0.15652469242470438,-0.10694956430177868,0.09344523334567449,0.1892579888338906,0.09344523334567449
115,Naive Bayes_03,0.27310593135230127,0.00021655431991401418,0.2731059313523013,-0.01529566014434607,0.839865489852859,-0.015295660144346072,0.09473554499602063,0.18319365925872497,0.09473554499602065
116,Naive Bayes_04,0.3912806765291945,6.101621146783479e-08,0.39128067652919446,0.12615647859673193,0.09428739238176959,0.12615647859673193,0.2842684507501292,4.7194271516316126e-05,0.28426845075012913
117,QDA_01,0.3412618106094225,2.941023915357964e-06,0.3412618106094225,0.14036720039888587,0.06239625111445757,0.14036720039888587,0.2789855072463768,6.598977495027169e-05,0.27898550724637683
118,Logistic_01,0.2293459442763251,0.002013640740424644,0.22934594427632513,0.12217619834057421,0.10523080906326143,0.12217619834057422,-0.040893041005476534,0.566324316425831,-0.040893041005476534
119,Logistic_02,0.2634845952136869,0.00036570707241542945,0.26348459521368683,,,0.0,,,0.0
120,Logistic_03,0.24554821202416766,0.0009227894016820785,0.24554821202416763,,,0.0,,,0.0
121,Logistic_04,0.2900319627961687,8.210708270572564e-05,0.2900319627961687,-0.01529566014434607,0.839865489852859,-0.015295660144346072,0.1353719166167163,0.05659695500631184,0.1353719166167163
122,Logistic_05,0.2634845952136869,0.00036570707241542945,0.26348459521368683,,,0.0,,,0.0
123,Logistic_06,0.24554821202416766,0.0009227894016820785,0.24554821202416763,,,0.0,,,0.0
124,Logistic_07,0.2900319627961687,8.210708270572564e-05,0.2900319627961687,-0.01529566014434607,0.839865489852859,-0.015295660144346072,0.1353719166167163,0.05659695500631184,0.1353719166167163
125,Logistic_08,0.2869561482368156,9.838456239187219e-05,0.28695614823681553,,,0.0,,,0.0
126,Logistic_09,0.27864665493409513,0.00015872614381106864,0.27864665493409513,,,0.0,,,0.0
127,Ridge_01,0.2900319627961687,8.210708270572564e-05,0.2900319627961687,-0.01529566014434607,0.839865489852859,-0.015295660144346072,0.15212950247897233,0.03195026412597904,0.15212950247897233
128,Ridge_02,0.27307093494679263,0.00021697514349634385,0.27307093494679263,,,0.0,0.12088642012256096,0.08897810859643002,0.12088642012256094
129,Ridge_03,0.25680710339362195,0.0005201546203351762,0.25680710339362195,,,0.0,,,0.0
130,Ridge_04,0.2753644455784105,0.0001909480831112307,0.27536444557841055,,,0.0,,,0.0
131,Ridge_05,0.30722589114698007,2.873978764520651e-05,0.30722589114698,,,0.0,,,0.0
132,Ridge_06,0.33711907611969133,3.939417136993057e-06,0.33711907611969133,,,0.0,,,0.0
133,Bagging_01,0.19956388938826095,0.007400291820612923,0.19956388938826095,,,0.0,,,0.0
134,Bagging_02,0.2641388349455382,0.0003531234838976226,0.2641388349455382,-0.021693045781865615,0.7744216052623246,-0.021693045781865615,0.02945963608885907,0.6795692610880109,0.029459636088859063
135,Bagging_03,0.26829843058883274,0.000282054687243877,0.2682984305888328,-0.01529566014434607,0.839865489852859,-0.015295660144346072,0.09752728015972713,0.17056403600930822,0.09752728015972714
136,Bagging_04,0.31592509064679924,1.647129517233606e-05,0.31592509064679924,-0.026644683298418508,0.7248117310600161,-0.02664468329841851,0.02945963608885907,0.6795692610880109,0.029459636088859063
137,Gradient_01,0.331623554810041,5.7678112445975095e-06,0.33162355481004097,-0.021693045781865615,0.7744216052623246,-0.021693045781865615,0.02145411661428663,0.7635856049677878,0.021454116614286627
138,Gradient_02,,,0.0,,,0.0,,,0.0
139,Gradient_03,0.2708207017109446,0.0002456889020352304,0.2708207017109446,-0.021693045781865615,0.7744216052623246,-0.021693045781865615,0.03846899788748414,0.5895742484665637,0.038468997887484126
140,Gradient_04,0.25680710339362195,0.0005201546203351762,0.25680710339362195,-0.04414954178335011,0.5595605093255377,-0.04414954178335011,0.001548379105160726,0.9826832851537084,0.0015483791051607257
141,Gradient_05,0.14468750071165523,0.05330943680767284,0.14468750071165523,,,0.0,,,0.0
142,Gradient_06,0.3763610239390638,2.077323256864845e-07,0.37636102393906384,-0.026644683298418508,0.7248117310600161,-0.02664468329841851,0.014231448606998811,0.8418679820027283,0.014231448606998811
143,Gradient_07,0.26829843058883274,0.000282054687243877,0.2682984305888328,-0.049655381596068866,0.5116013353706024,-0.04965538159606887,0.001548379105160726,0.9826832851537084,0.0015483791051607257
144,Gradient_08,0.2758190182084824,0.00018614802310139983,0.2758190182084823,-0.03085542291765591,0.6834988605527957,-0.03085542291765591,-0.04583749285011564,0.5203006819046152,-0.04583749285011563
145,Gradient_09,0.32620411657855714,8.340700877171673e-06,0.3262041165785572,-0.01529566014434607,0.839865489852859,-0.015295660144346072,0.02145411661428663,0.7635856049677878,0.021454116614286627
146,Gradient_10,0.28004899582920645,0.00014657090493689137,0.28004899582920645,-0.026644683298418508,0.7248117310600161,-0.02664468329841851,0.04880605198984096,0.49361849911965594,0.048806051989840955
147,Gradient_11,,,0.0,,,0.0,,,0.0
148,Gradient_12,0.18930925447797575,0.011147724322756349,0.18930925447797575,-0.03085542291765591,0.6834988605527957,-0.03085542291765591,0.001548379105160726,0.9826832851537084,0.0015483791051607257
149,Gradient_13,0.1656779661016949,0.026661961089469843,0.1656779661016949,-0.04117647058823529,0.5863267054102443,-0.041176470588235294,-0.019163433822822495,0.7881950508538365,-0.019163433822822495
150,Gradient_14,0.25678957939853714,0.000520629430456113,0.2567895793985372,,,0.0,,,0.0
151,Gradient_15,0.19331723303838666,0.009519987699304627,0.1933172330383867,-0.03459754939409159,0.6475516514486129,-0.03459754939409159,-0.009420289855072464,0.8949405397126671,-0.009420289855072464
152,Gradient_16,0.1909604519774011,0.010449590423693072,0.19096045197740114,-0.04117647058823529,0.5863267054102443,-0.041176470588235294,-0.02367708687784394,0.7399278905617477,-0.023677086877843936
153,Gradient_17,0.23586789556161852,0.0014800929266703183,0.23586789556161852,-0.03085542291765591,0.6834988605527957,-0.03085542291765591,0.014231448606998811,0.8418679820027283,0.014231448606998811
154,Gradient_18,0.18645945139364664,0.012449612596712336,0.1864594513936466,-0.03459754939409159,0.6475516514486129,-0.03459754939409159,-0.009420289855072464,0.8949405397126671,-0.009420289855072464
155,Gradient_19,0.15514875553693816,0.03809966860606372,0.15514875553693816,-0.03459754939409159,0.6475516514486129,-0.03459754939409159,-0.009420289855072464,0.8949405397126671,-0.009420289855072464
156,Gradient_20,,,0.0,,,0.0,,,0.0
157,Gradient_21,0.18930925447797575,0.011147724322756349,0.18930925447797575,-0.03085542291765591,0.6834988605527957,-0.03085542291765591,0.001548379105160726,0.9826832851537084,0.0015483791051607257
158,Gradient_22,0.1656779661016949,0.026661961089469843,0.1656779661016949,-0.04117647058823529,0.5863267054102443,-0.041176470588235294,-0.019163433822822495,0.7881950508538365,-0.019163433822822495
159,Gradient_23,0.25678957939853714,0.000520629430456113,0.2567895793985372,,,0.0,,,0.0
160,Gradient_24,0.19331723303838666,0.009519987699304627,0.1933172330383867,-0.03459754939409159,0.6475516514486129,-0.03459754939409159,-0.009420289855072464,0.8949405397126671,-0.009420289855072464
161,Gradient_25,0.1909604519774011,0.010449590423693072,0.19096045197740114,-0.04117647058823529,0.5863267054102443,-0.041176470588235294,-0.02367708687784394,0.7399278905617477,-0.023677086877843936
162,Gradient_26,0.23586789556161852,0.0014800929266703183,0.23586789556161852,-0.03085542291765591,0.6834988605527957,-0.03085542291765591,0.014231448606998811,0.8418679820027283,0.014231448606998811
163,Gradient_27,0.18645945139364664,0.012449612596712336,0.1864594513936466,-0.03459754939409159,0.6475516514486129,-0.03459754939409159,-0.009420289855072464,0.8949405397126671,-0.009420289855072464
164,Gradient_28,0.15514875553693816,0.03809966860606372,0.15514875553693816,-0.03459754939409159,0.6475516514486129,-0.03459754939409159,-0.009420289855072464,0.8949405397126671,-0.009420289855072464
165,Gradient_29,,,0.0,,,0.0,,,0.0
166,Gradient_30,0.2664186599571054,0.00031234319321494906,0.2664186599571054,-0.021693045781865615,0.7744216052623246,-0.021693045781865615,0.060970208083007765,0.3922917912151317,0.06097020808300776
167,Gradient_31,0.2763539279258438,0.00018064373035596296,0.27635392792584373,-0.04696682183138621,0.5347520038711482,-0.04696682183138621,0.08144393464537757,0.25280150714456767,0.08144393464537757
168,Gradient_32,,,0.0,,,0.0,,,0.0
169,Gradient_33,0.3267259265554379,8.052137738579106e-06,0.326725926555438,-0.021693045781865615,0.7744216052623246,-0.021693045781865615,0.02145411661428663,0.7635856049677878,0.021454116614286627
170,Gradient_34,0.26386763487835757,0.00035829019323400533,0.26386763487835757,-0.03085542291765591,0.6834988605527957,-0.03085542291765591,0.1019094540434057,0.15206227630123606,0.10190945404340573
171,Gradient_35,0.3180705237806082,1.4319748377043114e-05,0.31807052378060824,,,0.0,,,0.0
172,Gradient_36,0.2947680203640629,6.189664158221142e-05,0.2947680203640629,-0.021693045781865615,0.7744216052623246,-0.021693045781865615,0.02945963608885907,0.6795692610880109,0.029459636088859063
173,Gradient_37,0.1190122551169831,0.11256586961833243,0.11901225511698313,-0.01529566014434607,0.839865489852859,-0.015295660144346072,-0.019847177618635026,0.780826180996381,-0.019847177618635022
174,Gradient_38,,,0.0,,,0.0,,,0.0
175,Gradient_39,0.3301196688134021,6.393967423638638e-06,0.33011966881340216,-0.026644683298418508,0.7248117310600161,-0.02664468329841851,0.09473554499602063,0.18319365925872497,0.09473554499602065
176,Gradient_40,0.15847866905482474,0.03410273898418821,0.15847866905482474,-0.04696682183138621,0.5347520038711482,-0.04696682183138621,0.22110000389811632,0.0016994083056761768,0.22110000389811635
177,Gradient_41,0.1861953842322604,0.012576750702832077,0.18619538423226037,,,0.0,,,0.0
178,Gradient_42,0.36484111398694347,5.13462495750469e-07,0.3648411139869435,-0.021693045781865615,0.7744216052623246,-0.021693045781865615,0.03846899788748414,0.5895742484665637,0.038468997887484126
179,Gradient_43,0.1909604519774011,0.010449590423693072,0.19096045197740114,-0.04117647058823529,0.5863267054102443,-0.041176470588235294,0.12558221502213032,0.07716149250133798,0.12558221502213032
180,Gradient_44,0.2722721413746992,0.0002267899335180111,0.27227214137469924,,,0.0,-0.020291031398236414,0.7760530521850262,-0.020291031398236417
181,Gradient_45,0.3219656882223965,1.1075607265096119e-05,0.3219656882223966,-0.021693045781865615,0.7744216052623246,-0.021693045781865615,0.02945963608885907,0.6795692610880109,0.029459636088859063
182,Gradient_46,0.23663832617746827,0.0014264466336982252,0.23663832617746827,-0.021693045781865615,0.7744216052623246,-0.021693045781865615,0.18082311171245546,0.010592616507738111,0.1808231117124555
183,Gradient_47,,,0.0,,,0.0,,,0.0
184,Gradient_48,0.3170989519813009,1.5258902720471083e-05,0.3170989519813009,-0.026644683298418508,0.7248117310600161,-0.02664468329841851,0.09473554499602063,0.18319365925872497,0.09473554499602065
185,Gradient_49,0.20017217264033138,0.007218217622033883,0.20017217264033138,-0.04696682183138621,0.5347520038711482,-0.04696682183138621,0.22110000389811632,0.0016994083056761768,0.22110000389811635
186,Gradient_50,0.1861953842322604,0.012576750702832077,0.18619538423226037,,,0.0,,,0.0
187,Gradient_51,0.38812709729616307,7.945494715707168e-08,0.3881270972961631,-0.021693045781865615,0.7744216052623246,-0.021693045781865615,0.1353719166167163,0.05659695500631184,0.1353719166167163
188,Gradient_52,0.1656779661016949,0.026661961089469843,0.1656779661016949,-0.04117647058823529,0.5863267054102443,-0.041176470588235294,0.13478260869565217,0.05769150230406474,0.13478260869565217
189,Gradient_53,0.25423949184548433,0.0005941543770590762,0.25423949184548433,,,0.0,-0.020291031398236414,0.7760530521850262,-0.020291031398236417
190,Gradient_54,0.3059408783497753,3.115699471043931e-05,0.30594087834977524,-0.021693045781865615,0.7744216052623246,-0.021693045781865615,0.02945963608885907,0.6795692610880109,0.029459636088859063
